ID;Nom;Categorie;Image;Status
PROD059;Porte Carte Or (ruban);Art de la Table;/images/placeholder.png;Placeholder
PROD067;Pack Service à Thé;Art de la Table;/images/placeholder.png;Placeholder
PROD016;Large Bougeoir Argent;Bougeoirs & Lustres;/images/placeholder.png;Placeholder
PROD017;Bougeoir Argent;Bougeoirs & Lustres;/images/placeholder.png;Placeholder
PROD018;Bougeoir Plume d'Or;Bougeoirs & Lustres;/images/placeholder.png;Placeholder
PROD023;Lanterne Blanche;Bougeoirs & Lustres;/images/placeholder.png;Placeholder
PROD024;Lustre 12 Branches;Bougeoirs & Lustres;/images/placeholder.png;Placeholder
PROD026;Bride To Be LED Blanche;Bougeoirs & Lustres;/images/placeholder.png;Placeholder
PROD027;Bougeoire Etincelle;Bougeoirs & Lustres;/images/placeholder.png;Placeholder
PROD040;Cadre Photo Moulure Dorée;Cadres;/images/placeholder.png;Placeholder
PROD077;Cage Porte Clé;Décoration;/images/placeholder.png;Placeholder
PROD007;Figurines Avenger;Figurines & Jeux;/images/placeholder.png;Placeholder
PROD008;Mowgli et les Animaux d'Afrique;Figurines & Jeux;/images/placeholder.png;Placeholder
PROD012;Tricycle;Figurines & Jeux;/images/placeholder.png;Placeholder
PROD013;Poussette Poupée;Figurines & Jeux;/images/placeholder.png;Placeholder
PROD015;Ciel de Lit Princesse Saumon;Figurines & Jeux;/images/placeholder.png;Placeholder
PROD083;Gazon Artificiel à Suspendre (petit);Fleurs & Feuillages;/images/placeholder.png;Placeholder
PROD084;Gazon Artificiel à Suspendre (grand);Fleurs & Feuillages;/images/placeholder.png;Placeholder
PROD002;Photocall Carré;Mobilier;/images/placeholder.png;Placeholder
PROD044;Etagère Présentoir;Présentoirs & Plateaux;/images/placeholder.png;Placeholder
PROD045;Plateau Noir;Présentoirs & Plateaux;/images/placeholder.png;Placeholder
PROD069;Pot de Fleur;Vases & Pots;/images/placeholder.png;Placeholder
PROD070;Vase Oval;Vases & Pots;/images/placeholder.png;Placeholder
PROD072;Vase Géométrique Blanc;Vases & Pots;/images/placeholder.png;Placeholder
PROD028;Plateau Verre et Laiton;Verreries;/images/placeholder.png;Placeholder
PROD032;Pack Candy Bar en Verre;Verreries;/images/placeholder.png;Placeholder
PROD034;Photophore Transparent;Verreries;/images/placeholder.png;Placeholder
PROD037;Fontaine à Boisson Carré;Verreries;/images/placeholder.png;Placeholder
PROD038;Pichet;Verreries;/images/placeholder.png;Placeholder